subject_id,x_aff,y_aff
0,1940.195068359375,713.71142578125
0,1964.298095703125,722.8297729492188
0,1962.4251708984375,702.929443359375
0,1956.722900390625,635.0201416015625
0,1955.7833251953125,697.163818359375
0,1965.654541015625,708.3003540039062
0,1941.7105712890625,710.6376342773438
0,1932.2796630859375,707.8408203125
0,1929.428466796875,677.4830932617188
0,1918.9974365234375,649.0396728515625
0,1913.0682373046875,651.1675415039062
0,1900.7373046875,647.1976318359375
0,1920.4783935546875,662.77392578125
0,1916.8719482421875,676.062744140625
0,1925.369384765625,642.6707153320312
0,1921.516357421875,626.8744506835938
0,1894.7210693359375,658.0384521484375
0,1899.781982421875,708.788818359375
0,1904.12060546875,656.74365234375
0,2029.8172607421875,800.083984375
0,2081.87890625,824.0623779296875
0,2081.8720703125,834.4475708007812
0,2069.833984375,810.1869506835938
0,2081.022216796875,829.9624633789062
0,2089.197998046875,821.7008056640625
0,2077.15869140625,837.7832641601562
0,2067.63623046875,934.04296875
0,2075.032470703125,981.8212890625
0,2074.974365234375,945.2947998046875
0,2075.82568359375,953.864013671875
0,2089.48583984375,967.4239501953125
0,2077.06640625,971.3538818359375
0,2061.187744140625,971.2135009765625
0,2052.833984375,943.2750854492188
0,2042.0029296875,966.2349853515625
0,1887.019287109375,1221.1748046875
0,1744.3148193359375,1331.4969482421875
0,1744.1192626953125,1375.5401611328125
0,1723.0262451171875,1411.8663330078125
0,1725.1650390625,1409.33154296875
0,1734.5322265625,1398.288330078125
0,2090.531494140625,1549.6240234375
0,1721.66552734375,3194.880859375
0,1790.8775634765625,2944.75830078125
0,1763.3143310546875,2913.17919921875
0,1760.074462890625,2908.80712890625
0,1764.980224609375,2926.626708984375
0,1753.182861328125,2892.314208984375
0,1758.1923828125,2893.551513671875
0,1783.8558349609375,2840.33837890625
0,1770.353515625,2824.0322265625
0,1820.4949951171875,2813.12255859375
0,2085.441650390625,2830.171875
0,2082.38623046875,2806.013427734375
0,2076.055419921875,2829.595458984375
0,2068.038818359375,2827.591064453125
0,2072.529541015625,2832.060302734375
0,2077.46923828125,2808.0361328125
0,2080.169189453125,2801.98779296875
0,1662.9317626953125,3072.91162109375
0,1633.274658203125,3158.931884765625
0,1611.0518798828125,3175.830810546875
0,1632.91748046875,3165.7666015625
0,1647.88671875,3171.80322265625
0,1620.396728515625,3160.397216796875
0,1602.29931640625,3157.3935546875
0,1607.0443115234375,3129.8935546875
0,1086.0316162109375,2869.02099609375
0,596.7139282226562,2895.333740234375
0,623.4341430664062,2886.668701171875
0,650.2603759765625,2849.763916015625
0,665.6171264648438,2858.1650390625
0,645.4417724609375,2851.693115234375
0,624.4929809570312,2886.916259765625
0,647.1945190429688,2530.054931640625
0,611.3242797851562,2540.419921875
0,575.802490234375,2519.6552734375
0,600.92431640625,2500.2490234375
0,625.2898559570312,2502.3564453125
0,627.5966186523438,2519.4326171875
0,617.6856079101562,2550.05712890625
0,833.429443359375,2344.923095703125
0,944.9691772460938,2004.0919189453125
0,1114.59619140625,1770.97998046875
0,1069.12841796875,1786.9171142578125
0,1070.6671142578125,1750.996826171875
0,1090.3990478515625,1737.778076171875
0,1091.3653564453125,1745.931884765625
0,1087.57373046875,1754.885009765625
0,1089.06494140625,1748.542236328125
0,1211.6339111328125,1612.9716796875
0,1349.897705078125,1330.414794921875
0,1370.59033203125,1308.36328125
0,1372.5224609375,1311.2847900390625
0,1361.06103515625,1308.6964111328125
0,1351.4644775390625,1296.8558349609375
0,1339.5694580078125,1282.433349609375
0,1362.46533203125,1302.7236328125
0,1805.88916015625,1085.3553466796875
0,1919.2401123046875,1068.37890625
0,1937.29833984375,1060.3038330078125
0,1943.4820556640625,1079.4202880859375
0,1917.11572265625,1003.3882446289062
0,1930.653076171875,1009.6690673828125
0,2093.294921875,964.9237670898438
0,2089.177490234375,957.3363037109375
0,2090.707275390625,994.3987426757812
0,2091.276123046875,942.3344116210938
0,2070.065185546875,969.588134765625
0,2057.324462890625,1004.3279418945312
0,2041.1678466796875,966.8827514648438
0,2045.259765625,1009.859375
0,1998.0413818359375,1050.8944091796875
0,2028.8028564453125,1079.462158203125
0,2025.4510498046875,1097.68017578125
0,2024.614990234375,1161.91748046875
0,2017.857177734375,1201.533447265625
0,2002.0123291015625,1219.38623046875
0,2007.88671875,1247.2342529296875
0,1988.778076171875,1274.22509765625
0,1920.6064453125,1234.932861328125
0,2127.89794921875,927.71337890625
0,2114.456298828125,937.0971069335938
0,2112.595947265625,907.3464965820312
0,1811.5992431640625,756.574462890625
0,1536.6435546875,725.0908813476562
0,1509.7222900390625,694.7156372070312
0,1519.9122314453125,732.4743041992188
0,1524.657470703125,745.59912109375
0,1542.6102294921875,760.07568359375
0,1539.3267822265625,722.15576171875
0,1116.451416015625,611.510986328125
0,1049.6002197265625,631.6976318359375
0,1065.4326171875,607.5885009765625
0,1102.1533203125,619.1611328125
0,1096.89794921875,576.8944091796875
0,1078.2550048828125,582.9873657226562
0,1090.687255859375,570.0006713867188
0,1519.1114501953125,618.569091796875
0,1689.915771484375,677.2708740234375
0,1693.8653564453125,644.7702026367188
0,1680.82568359375,629.375244140625
0,1678.713623046875,651.2022705078125
0,1705.1328125,638.3400268554688
0,1677.55126953125,681.1677856445312
0,1632.278076171875,674.7084350585938
0,189.0089874267578,585.7175903320312
1,1812.0277099609375,388.7005615234375
1,1853.96337890625,320.5085754394531
1,1833.390625,513.9529418945312
1,1748.2913818359375,596.0379028320312
1,1731.1644287109375,549.5023193359375
1,1751.108154296875,445.6252136230469
1,1747.1212158203125,439.60015869140625
1,1755.6475830078125,449.6304931640625
1,1291.0753173828125,896.2680053710938
1,1236.368408203125,821.373046875
1,1250.7869873046875,933.661376953125
1,1280.7830810546875,934.2544555664062
1,1227.45556640625,805.3212890625
1,1096.6983642578125,845.4695434570312
1,1120.4481201171875,948.749755859375
1,1140.0606689453125,843.1334228515625
1,1105.4298095703125,854.9175415039062
1,1082.2923583984375,859.55859375
1,1074.0316162109375,891.8878173828125
1,1069.9581298828125,909.9384155273438
1,1159.8477783203125,974.0110473632812
1,1098.9974365234375,938.7826538085938
1,1071.8875732421875,965.572998046875
1,1135.7816162109375,935.2319946289062
1,1211.76123046875,914.3299560546875
1,1152.4215087890625,1024.1241455078125
1,998.1253051757812,949.100830078125
1,1074.5489501953125,946.6406860351562
1,1117.3087158203125,903.0741577148438
1,1136.69189453125,861.1328125
1,1085.65673828125,813.1036376953125
1,1114.373046875,918.4341430664062
1,1098.90625,893.4502563476562
1,1070.39404296875,883.0822143554688
1,1069.6927490234375,808.7457885742188
1,1057.9696044921875,812.19921875
1,1080.91015625,790.7340698242188
1,1096.2532958984375,874.6572875976562
1,1065.9393310546875,886.9152221679688
1,1051.93603515625,881.1580810546875
1,1072.4505615234375,829.799072265625
1,1030.5943603515625,842.3875732421875
1,1028.7183837890625,851.327392578125
1,1046.7259521484375,913.69091796875
1,1021.8026123046875,896.4249267578125
1,1020.3361206054688,403.9306945800781
1,957.775146484375,395.3614807128906
1,992.6845703125,583.9551391601562
1,1006.0423583984375,745.3706665039062
1,985.5556640625,782.358642578125
1,944.302978515625,727.7057495117188
1,913.5761108398438,710.590576171875
1,928.1159057617188,705.29150390625
1,982.7346801757812,782.780029296875
1,936.933349609375,770.72314453125
1,979.37255859375,745.3131713867188
1,987.0016479492188,733.6765747070312
1,997.1742553710938,761.3128051757812
1,987.032470703125,714.1140747070312
1,1009.1781616210938,776.73681640625
1,995.0488891601562,791.0551147460938
1,999.1758422851562,783.33740234375
1,991.9768676757812,849.6300048828125
1,986.6998291015625,813.5181274414062
1,974.7268676757812,795.0560913085938
1,968.1102294921875,834.5227661132812
1,986.0953369140625,931.5161743164062
1,1002.8535766601562,895.637939453125
1,986.9666137695312,914.1917724609375
1,996.4632568359375,920.6219482421875
1,1570.256103515625,796.8424072265625
1,1785.4471435546875,697.0542602539062
1,1875.2059326171875,647.5993041992188
1,1829.440673828125,738.1166381835938
1,1818.9456787109375,786.3359375
1,1809.58935546875,895.046630859375
1,1811.962158203125,926.9616088867188
1,1861.1285400390625,866.03662109375
1,1853.33251953125,781.64111328125
1,1932.8671875,816.749755859375
1,2010.5814208984375,831.9332275390625
1,2030.42041015625,913.8067016601562
1,2033.194091796875,938.983642578125
1,2001.2923583984375,959.0993041992188
1,2012.1539306640625,916.7158813476562
1,2027.9493408203125,894.6781616210938
1,1933.88671875,957.03759765625
1,1779.8046875,1084.40234375
1,1798.62841796875,1077.8968505859375
1,1812.884765625,1055.3599853515625
1,1811.00341796875,1071.93408203125
1,1805.5615234375,1094.6307373046875
1,1789.51171875,1081.73779296875
1,1791.453857421875,951.950927734375
1,1800.46240234375,952.841796875
1,1827.3299560546875,978.9986572265625
1,1800.814453125,983.6621704101562
1,2073.54833984375,805.735595703125
1,2109.00439453125,867.9959106445312
1,2148.857666015625,911.3690795898438
1,2160.536865234375,857.3596801757812
1,2175.662841796875,842.843017578125
1,2156.224853515625,808.7604370117188
1,2145.1416015625,873.281005859375
1,2163.379638671875,847.4678344726562
1,2164.81884765625,827.5324096679688
1,2069.435791015625,948.7730102539062
1,2046.8809814453125,952.0520629882812
1,2064.03369140625,928.1323852539062
1,2073.551025390625,927.7520751953125
1,2078.04833984375,953.9118041992188
1,2065.11669921875,976.3431396484375
1,2072.8623046875,982.77783203125
1,2088.828125,969.4332885742188
1,2105.953125,984.1187744140625
1,2104.5869140625,983.0396118164062
1,2078.35400390625,1008.0184326171875
1,2023.0133056640625,1154.3883056640625
1,2034.2716064453125,1212.656494140625
1,2052.68603515625,1211.3011474609375
1,2049.475341796875,1234.741943359375
1,2042.392822265625,1234.235107421875
1,2076.89990234375,1208.23046875
1,2051.545166015625,1129.8798828125
1,2183.319580078125,1049.441650390625
1,2183.626953125,1045.16552734375
1,2194.7158203125,1050.7669677734375
1,2208.119873046875,1054.3128662109375
1,2197.17578125,1093.5068359375
1,2185.634521484375,1089.2015380859375
1,2176.578857421875,1039.30908203125
1,2135.9423828125,816.2415771484375
1,1863.825927734375,665.1719970703125
1,1914.40673828125,961.9921264648438
1,1978.8665771484375,936.7422485351562
1,1997.1500244140625,1023.186767578125
1,1995.97314453125,1049.7215576171875
1,2009.6383056640625,1106.6695556640625
1,2004.6839599609375,1139.4737548828125
1,2007.744873046875,1105.269287109375
1,2215.041259765625,1043.5166015625
1,2233.437255859375,1109.2874755859375
1,2250.576416015625,1121.4974365234375
1,2228.4921875,1110.24365234375
1,2237.66162109375,1108.3690185546875
1,2231.520263671875,1118.7694091796875
1,2232.63916015625,1095.5953369140625
1,2227.507080078125,1117.1451416015625
1,2218.353515625,1116.5269775390625
1,2216.420166015625,1118.472900390625
1,2042.5244140625,1036.29248046875
1,1980.545654296875,1098.50244140625
1,1977.4410400390625,1094.4173583984375
1,1967.9083251953125,1110.591796875
1,1972.1279296875,1109.2647705078125
1,1979.4598388671875,1089.24365234375
1,2001.0352783203125,1100.367919921875
1,2057.78955078125,1046.415283203125
1,2049.775146484375,1059.3544921875
1,2044.7620849609375,1035.588134765625
1,2045.528564453125,1034.9857177734375
1,1663.3349609375,1381.395263671875
1,1503.3035888671875,1364.276123046875
1,1511.560546875,1350.6322021484375
1,1520.080078125,1354.65185546875
1,1517.952392578125,1345.7640380859375
1,1523.5794677734375,1352.16064453125
1,1527.4525146484375,1334.0963134765625
1,1917.4005126953125,1242.74462890625
1,1947.9619140625,1281.023681640625
1,1941.2303466796875,1255.677490234375
1,1942.1483154296875,1257.3277587890625
1,1936.101318359375,1262.1219482421875
1,2108.772705078125,1205.0821533203125
1,2118.013427734375,1213.947998046875
1,2145.899169921875,1203.3116455078125
1,1704.505859375,793.3720092773438
1,1191.5147705078125,1394.0130615234375
1,898.2564697265625,1344.33642578125
1,782.7180786132812,1374.585693359375
1,787.7640991210938,1444.4176025390625
1,770.962890625,1473.76171875
1,771.5379028320312,1513.9830322265625
1,734.2501220703125,1476.77099609375
1,579.3975219726562,1519.0987548828125
1,536.724609375,1471.204345703125
1,540.59521484375,1474.356201171875
1,551.4491577148438,1483.8193359375
1,564.8106689453125,1537.225830078125
1,598.2177124023438,1538.4271240234375
1,1022.2120361328125,1501.1239013671875
1,1028.4381103515625,1483.8739013671875
1,1027.628173828125,1477.52197265625
1,1027.5780029296875,1472.5032958984375
1,1039.906982421875,1459.3056640625
1,1031.1004638671875,1448.8399658203125
1,1029.9361572265625,1440.465087890625
1,1104.8740234375,1474.25830078125
1,1384.62158203125,1441.9346923828125
1,1387.88916015625,1417.380615234375
1,1376.98681640625,1445.9940185546875
1,1392.669921875,1424.79736328125
1,1390.298095703125,1408.7835693359375
1,1359.665771484375,1397.5072021484375
1,832.7841796875,1605.066162109375
1,629.3645629882812,1604.5107421875
1,615.4659423828125,1644.346923828125
1,606.2037353515625,1655.27685546875
1,623.8974609375,1643.362060546875
1,513.7447509765625,1600.54052734375
1,508.3338928222656,1632.4512939453125
1,500.1221923828125,1618.8568115234375
1,488.4005126953125,1603.7476806640625
1,504.0888366699219,1590.2156982421875
1,495.37030029296875,1611.0318603515625
1,502.30621337890625,1627.60546875
1,994.0075073242188,1623.9285888671875
1,1011.9794921875,1630.31396484375
1,1007.7471923828125,1649.0682373046875
1,1013.37353515625,1649.10791015625
1,1020.7091064453125,1611.486572265625
1,1026.39306640625,1611.9180908203125
1,1409.0113525390625,1521.8343505859375
1,1403.524169921875,1525.8858642578125
1,1396.9541015625,1542.8155517578125
1,1403.3348388671875,1552.865966796875
1,1471.7208251953125,1527.5174560546875
1,1625.6666259765625,1475.3851318359375
1,1623.1837158203125,1450.5986328125
1,1623.9898681640625,1448.96923828125
1,1620.2364501953125,1480.224609375
1,1505.1221923828125,1551.7218017578125
1,941.1806030273438,1708.7359619140625
1,581.9752807617188,1727.4757080078125
1,588.0901489257812,1726.856689453125
1,560.5084228515625,1698.994873046875
1,546.2689208984375,1700.2825927734375
1,524.066650390625,1710.4483642578125
1,472.7654724121094,1793.0599365234375
1,475.1709899902344,1796.7763671875
1,469.79437255859375,1751.66357421875
1,490.5728454589844,1762.384765625
1,485.0886535644531,1746.2115478515625
1,448.9881896972656,1716.341796875
1,546.653076171875,1765.9376220703125
1,642.053466796875,1789.4088134765625
1,637.269287109375,1792.2247314453125
1,624.8847045898438,1771.7752685546875
1,635.4354858398438,1805.4794921875
1,644.955810546875,1818.181884765625
1,623.82958984375,1811.4202880859375
1,898.9119262695312,1732.9635009765625
1,988.282958984375,1705.9603271484375
1,998.0487670898438,1701.9285888671875
1,993.9065551757812,1710.1351318359375
1,1001.3389892578125,1721.16748046875
1,987.477783203125,1736.36376953125
1,1012.5691528320312,1739.6309814453125
1,1181.0625,1610.1434326171875
1,1281.83251953125,1630.4993896484375
1,1288.1708984375,1613.7747802734375
1,1288.677978515625,1624.1611328125
1,1287.2000732421875,1599.8853759765625
1,1274.580078125,1604.9036865234375
1,1264.6402587890625,1624.0977783203125
1,1238.565185546875,1630.2220458984375
1,1221.8057861328125,1648.1612548828125
1,1221.032470703125,1652.4637451171875
1,1432.8236083984375,1646.3779296875
1,1528.94287109375,1612.4586181640625
1,1527.534423828125,1628.4638671875
1,1533.4185791015625,1626.1248779296875
1,1532.7872314453125,1632.0914306640625
1,1532.4617919921875,1654.724609375
1,1788.173828125,1589.422119140625
1,1815.6663818359375,1598.8131103515625
1,1806.760498046875,1580.1536865234375
1,1806.481201171875,1603.08544921875
1,1806.1646728515625,1589.712158203125
1,1813.996337890625,1604.3013916015625
1,1813.38671875,1612.1534423828125
1,1804.3892822265625,1617.46923828125
1,1834.3338623046875,1593.1807861328125
1,2006.185791015625,1619.2833251953125
1,2005.1494140625,1638.9903564453125
1,2002.677978515625,1647.70849609375
1,2004.3665771484375,1644.73193359375
1,2000.2852783203125,1657.784912109375
1,1985.80712890625,1667.0184326171875
1,2052.538818359375,1699.63623046875
1,2178.427978515625,1598.36279296875
1,2172.673828125,1582.7095947265625
1,2169.31591796875,1589.1756591796875
1,2155.7646484375,1594.6588134765625
1,1864.29833984375,1592.8165283203125
1,1324.274169921875,1583.580322265625
1,775.8616943359375,1827.8565673828125
1,696.9685668945312,1783.494140625
1,697.9567260742188,1783.41259765625
1,679.262939453125,1763.2325439453125
1,671.6828002929688,1755.083740234375
1,448.54766845703125,1788.0924072265625
1,454.105712890625,1770.555908203125
1,446.3265380859375,1807.135009765625
1,457.2422180175781,1787.7496337890625
1,450.3194274902344,1778.6845703125
1,448.733154296875,1782.7952880859375
1,444.5158996582031,1766.598388671875
1,677.7625732421875,1827.4736328125
1,875.0247802734375,1828.0091552734375
1,885.025634765625,1814.76953125
1,865.9509887695312,1866.9190673828125
1,843.9802856445312,1886.7891845703125
1,842.07568359375,1857.1190185546875
1,1219.279541015625,1807.7261962890625
1,1201.0029296875,1791.54052734375
1,1206.2479248046875,1778.42529296875
1,1206.1922607421875,1778.1971435546875
1,1208.09814453125,1785.0853271484375
1,1123.8590087890625,1817.64453125
1,1099.5042724609375,1807.9581298828125
1,1080.9534912109375,1842.5758056640625
1,1078.7427978515625,1858.3692626953125
1,1103.606201171875,1878.1708984375
1,1160.4046630859375,1865.92919921875
1,1451.029052734375,1700.4249267578125
1,1447.6214599609375,1687.765380859375
1,1447.3968505859375,1716.0970458984375
1,1452.4979248046875,1703.428466796875
1,1462.963623046875,1706.625
1,1460.116943359375,1721.381103515625
1,1722.1151123046875,1673.02783203125
1,1729.7591552734375,1698.2750244140625
1,1734.490966796875,1706.264892578125
1,1727.648681640625,1688.833251953125
1,1727.586181640625,1691.0052490234375
1,1747.1446533203125,1668.8330078125
1,2036.9671630859375,1705.52685546875
1,2041.106201171875,1704.431884765625
1,2023.5885009765625,1688.145751953125
1,2029.599609375,1683.7109375
1,2022.4532470703125,1688.4420166015625
1,2027.1917724609375,1706.2095947265625
1,2019.8800048828125,1704.1126708984375
1,2213.617919921875,1691.136962890625
1,2206.333251953125,1714.8984375
1,2197.293212890625,1707.3446044921875
1,2199.347900390625,1719.126220703125
1,1927.6683349609375,1622.8228759765625
1,1309.826171875,1796.2882080078125
1,821.7151489257812,1846.097412109375
1,731.2734985351562,1797.543212890625
1,710.8858642578125,1826.9281005859375
1,718.4407958984375,1803.180419921875
1,719.4426879882812,1812.9449462890625
1,696.7523193359375,1816.97705078125
1,461.69683837890625,1905.259033203125
1,446.29931640625,1908.494873046875
1,446.3591613769531,1889.0150146484375
1,450.6105651855469,1894.39453125
1,447.8547058105469,1909.7158203125
1,441.19384765625,1894.8817138671875
1,443.9135437011719,1920.4439697265625
1,715.5621948242188,1842.1397705078125
1,732.5534057617188,1819.7879638671875
1,727.10400390625,1822.051025390625
1,710.5924072265625,1809.1766357421875
1,711.7174072265625,1837.5391845703125
1,712.1797485351562,1856.78662109375
1,702.570068359375,1826.7379150390625
1,775.758544921875,1836.6492919921875
1,1111.5238037109375,1880.0430908203125
1,1115.508056640625,1859.0345458984375
1,1108.8641357421875,1895.680419921875
1,1115.5543212890625,1913.066162109375
1,1115.4791259765625,1895.5772705078125
1,1105.559326171875,1906.757568359375
1,1095.349609375,1892.9085693359375
1,972.8467407226562,1964.0552978515625
1,971.663330078125,1932.6947021484375
1,989.2562866210938,1940.4652099609375
1,985.8715209960938,1944.6707763671875
1,983.2679443359375,1917.6290283203125
1,966.8403930664062,1921.848876953125
1,1250.7353515625,1915.750732421875
1,1269.51318359375,1862.44189453125
1,1248.485107421875,1852.0667724609375
1,1245.625,1844.3179931640625
1,1231.8800048828125,1833.847412109375
1,1227.753173828125,1823.5849609375
1,1468.051025390625,1784.884033203125
1,1478.59326171875,1751.6627197265625
1,1476.7921142578125,1742.19677734375
1,1470.1187744140625,1758.8875732421875
1,1473.3013916015625,1743.95556640625
1,1478.358642578125,1768.469970703125
1,1436.2252197265625,1771.979736328125
1,1413.3162841796875,1738.624267578125
1,1414.15234375,1746.628173828125
1,1401.938232421875,1748.0400390625
1,1737.884765625,1724.6058349609375
1,1799.73779296875,1725.2545166015625
1,1799.11376953125,1735.5020751953125
1,1795.506103515625,1713.7730712890625
1,1793.3106689453125,1729.1102294921875
1,1795.747314453125,1721.543212890625
1,1788.1322021484375,1706.9676513671875
1,1952.47998046875,1718.3055419921875
1,2055.166748046875,1746.4073486328125
1,2046.108642578125,1738.4444580078125
1,2037.4766845703125,1738.747314453125
1,2047.4075927734375,1767.203369140625
1,2040.0443115234375,1771.216552734375
1,1709.6396484375,1700.02001953125
1,1145.5042724609375,1850.6407470703125
1,757.418701171875,1933.1380615234375
1,732.571533203125,1986.55419921875
1,703.4087524414062,1959.61083984375
1,708.3849487304688,1969.7919921875
1,680.591552734375,1966.8603515625
1,561.7394409179688,2022.604736328125
1,489.966552734375,2032.9215087890625
1,501.6745910644531,2033.7506103515625
1,493.1059875488281,2020.2926025390625
1,493.111572265625,2037.1058349609375
1,496.522705078125,2044.9259033203125
1,467.7981872558594,2017.2537841796875
1,462.7889404296875,1996.6632080078125
1,468.6515808105469,2001.1182861328125
1,644.8988647460938,1983.415283203125
1,649.1458129882812,1949.4576416015625
1,634.8866577148438,1962.8638916015625
1,644.1641845703125,1943.501708984375
1,641.8333740234375,1920.48486328125
1,647.5470581054688,1921.7232666015625
1,646.9890747070312,1931.010986328125
1,649.9681396484375,1929.017578125
1,811.0533447265625,1921.4488525390625
1,812.8687744140625,1924.917236328125
1,808.2387084960938,1926.2183837890625
1,815.2483520507812,1925.5421142578125
1,803.6957397460938,1952.8636474609375
1,799.2392578125,1936.30126953125
1,809.05908203125,1944.978759765625
1,1038.250732421875,1969.7432861328125
1,1209.414794921875,1889.181884765625
1,1208.64013671875,1880.4217529296875
1,1191.5087890625,1878.2047119140625
1,1182.9178466796875,1887.303466796875
1,1190.2598876953125,1887.815673828125
1,1183.9141845703125,1912.243896484375
1,1184.482421875,1891.6888427734375
1,1179.1973876953125,1899.09619140625
1,1193.8643798828125,1896.95458984375
1,1324.79736328125,1873.9364013671875
1,1404.9625244140625,1887.49609375
1,1401.4854736328125,1870.849609375
1,1402.42333984375,1883.880859375
1,1405.046630859375,1879.260498046875
1,1397.8460693359375,1881.7440185546875
1,1373.0189208984375,1873.1195068359375
1,1347.9150390625,1866.8426513671875
1,1342.5528564453125,1871.8609619140625
1,1345.4378662109375,1871.6942138671875
1,1337.23193359375,1870.2257080078125
1,1331.5753173828125,1867.3258056640625
1,1405.1492919921875,1866.45947265625
1,1501.9287109375,1824.373046875
1,1503.3321533203125,1816.4095458984375
1,1497.81201171875,1809.7177734375
1,1501.587158203125,1827.822998046875
1,1501.662841796875,1808.8009033203125
1,1759.8372802734375,1830.3221435546875
1,1770.32861328125,1849.8238525390625
1,1760.3809814453125,1817.1865234375
1,1763.7813720703125,1835.7156982421875
1,1760.589111328125,1835.176025390625
1,1790.422607421875,1828.615966796875
1,2003.899169921875,1871.0103759765625
1,2003.1602783203125,1882.260986328125
1,2000.2625732421875,1882.1722412109375
1,2001.849609375,1886.58984375
1,1992.432861328125,1869.9947509765625
1,2008.213623046875,1887.2884521484375
1,2058.281494140625,1893.6427001953125
1,2177.2373046875,1900.681640625
1,2182.552734375,1884.6832275390625
1,2186.44873046875,1905.8018798828125
1,2182.4091796875,1910.6883544921875
1,1700.5753173828125,1796.958251953125
1,1142.3992919921875,1911.4866943359375
1,715.9006958007812,1963.0555419921875
1,623.8366088867188,2048.78662109375
1,637.7620239257812,2087.26171875
1,637.0360107421875,2064.092041015625
1,649.0947875976562,2038.9569091796875
1,559.64306640625,2085.208740234375
1,418.17156982421875,2053.2841796875
1,419.847900390625,2057.64453125
1,407.9374084472656,2060.266845703125
1,399.8422546386719,2057.765869140625
1,417.7967224121094,2063.53173828125
1,413.4848327636719,2061.84423828125
1,430.26409912109375,2061.943115234375
1,594.993408203125,2008.0028076171875
1,612.033203125,1988.4827880859375
1,615.062255859375,1989.932373046875
1,828.425048828125,1967.05517578125
1,878.1857299804688,1985.35498046875
1,875.6818237304688,1992.56201171875
1,876.6937866210938,2009.6893310546875
1,860.6650390625,2001.8282470703125
1,863.7140502929688,2011.0556640625
1,874.0982055664062,1992.51171875
1,856.90625,1978.5810546875
1,1187.726806640625,1970.4281005859375
1,1208.3631591796875,1958.343505859375
1,1201.1466064453125,1950.7152099609375
1,1207.5509033203125,1961.3089599609375
1,1203.5711669921875,1948.87744140625
1,1204.1737060546875,1941.96337890625
1,1204.6710205078125,1972.0433349609375
1,1419.3804931640625,1894.121337890625
1,1423.3621826171875,1897.012939453125
1,1419.4036865234375,1894.3397216796875
1,1414.157470703125,1914.813232421875
1,1415.845703125,1914.0255126953125
1,1412.10693359375,1903.840087890625
1,1408.3052978515625,1915.8153076171875
1,1611.701171875,1875.787353515625
1,1742.1788330078125,1890.69482421875
1,1736.2838134765625,1889.361572265625
1,1738.19970703125,1882.8544921875
1,1739.866943359375,1883.40234375
1,1738.544921875,1889.217041015625
1,1739.0426025390625,1884.3052978515625
1,1739.6612548828125,1891.7451171875
1,1717.821044921875,1897.0814208984375
1,1723.4178466796875,1904.5938720703125
1,1714.7581787109375,1872.8145751953125
1,1722.514892578125,1868.494873046875
1,1983.74560546875,1947.13427734375
1,2024.575927734375,1923.1785888671875
1,2009.712646484375,1916.9459228515625
1,2018.855712890625,1934.4664306640625
1,2013.5177001953125,1943.0618896484375
1,2015.13330078125,1953.076416015625
1,2011.3157958984375,1962.98779296875
1,2010.8050537109375,1942.6884765625
1,2017.1322021484375,1942.51513671875
1,2205.33935546875,1967.831298828125
1,2205.4892578125,1965.3367919921875
1,2205.127685546875,1950.143798828125
1,2194.31689453125,1950.34765625
1,1991.7738037109375,1931.0074462890625
1,1389.2689208984375,1924.4376220703125
1,913.8648681640625,2032.8853759765625
1,714.55859375,2088.33349609375
1,694.3413696289062,2086.227294921875
1,704.489013671875,2113.47412109375
1,691.4834594726562,2088.06201171875
1,564.31689453125,2102.059326171875
1,458.970947265625,2099.1708984375
1,419.9545593261719,2102.0947265625
1,395.93927001953125,2065.05126953125
1,394.9125061035156,2065.038330078125
1,383.5907287597656,2059.473388671875
1,375.2068786621094,2048.365234375
1,503.7658996582031,2026.4404296875
1,878.7124633789062,2035.4456787109375
1,857.474365234375,2063.90380859375
1,866.919921875,2054.527099609375
1,862.7122192382812,2062.535400390625
1,848.6402587890625,2041.2725830078125
1,861.8560791015625,2057.039794921875
1,846.5181884765625,2065.263671875
1,845.937255859375,2039.9534912109375
1,834.0001831054688,2026.072021484375
1,835.556884765625,2036.837890625
1,841.6853637695312,2047.3072509765625
1,776.2305908203125,2013.984619140625
1,775.91845703125,2013.68359375
1,778.013427734375,2003.264892578125
1,786.6399536132812,2013.8585205078125
1,916.4750366210938,2045.0716552734375
1,1414.174072265625,1983.25
1,1444.3970947265625,1958.9046630859375
1,1424.9737548828125,1970.84521484375
1,1429.9139404296875,1974.407958984375
1,1426.3223876953125,1978.8153076171875
1,1419.6439208984375,1984.7044677734375
1,1639.401123046875,1934.5491943359375
1,1797.5101318359375,1960.6468505859375
1,1794.7698974609375,1972.0546875
1,1786.0587158203125,1955.972412109375
1,1792.643310546875,1946.372314453125
1,1798.83349609375,1959.059814453125
1,1906.331298828125,2006.91357421875
1,1896.7303466796875,2003.4437255859375
1,1899.17236328125,2001.8857421875
1,1901.8060302734375,2007.4683837890625
1,1895.74169921875,2013.0543212890625
1,1904.29443359375,2001.089599609375
1,1901.0181884765625,2006.0247802734375
1,1899.1014404296875,1996.96826171875
1,1702.11279296875,1971.1651611328125
1,1164.23291015625,2136.51416015625
1,722.4627685546875,2142.036865234375
1,665.4457397460938,2155.045166015625
1,665.7030029296875,2181.547607421875
1,677.6638793945312,2195.65966796875
1,665.9273681640625,2176.666015625
1,442.9977111816406,2216.269287109375
1,423.9066162109375,2219.859130859375
1,430.7797546386719,2224.23388671875
1,440.3169860839844,2223.083251953125
1,426.5387268066406,2239.617919921875
1,436.4425964355469,2214.6484375
1,438.7596130371094,2202.17626953125
1,429.36004638671875,2192.000244140625
1,615.1554565429688,2163.2119140625
1,609.0946044921875,2158.16552734375
1,615.7500610351562,2159.793701171875
1,611.7677612304688,2154.18505859375
1,605.715576171875,2160.90869140625
1,616.8334350585938,2167.1962890625
1,668.9564819335938,2164.901123046875
1,670.0010986328125,2153.417236328125
1,670.7740478515625,2123.8076171875
1,671.755126953125,2141.86181640625
1,680.8623657226562,2146.656982421875
1,700.6725463867188,2152.066650390625
1,822.9569091796875,2148.19482421875
1,830.636474609375,2129.956787109375
1,826.68115234375,2151.4462890625
1,827.604736328125,2152.841552734375
1,827.3216552734375,2163.08056640625
1,832.6546020507812,2153.077880859375
1,1013.0879516601562,2160.340087890625
1,1074.368408203125,2149.693359375
1,1084.1129150390625,2157.200439453125
1,1075.826416015625,2156.52392578125
1,1076.2041015625,2153.494384765625
1,1061.8912353515625,2167.510009765625
1,1074.516845703125,2174.130859375
1,1078.5191650390625,2181.151611328125
1,1086.2645263671875,2183.89599609375
1,1286.7542724609375,2165.616943359375
1,1282.778564453125,2130.305908203125
1,1286.8653564453125,2144.33251953125
1,1288.2183837890625,2146.573486328125
1,1287.5185546875,2139.36572265625
1,1283.2066650390625,2133.79296875
1,1288.5814208984375,2143.9716796875
1,1473.7884521484375,2091.4130859375
1,1610.0706787109375,2066.05078125
1,1617.565673828125,2057.3115234375
1,1615.8814697265625,2084.736328125
1,1615.7138671875,2096.502685546875
1,1645.452392578125,2091.474853515625
1,1902.884521484375,2095.030517578125
1,1910.4840087890625,2095.785400390625
1,1911.9986572265625,2116.638916015625
1,1917.9715576171875,2109.247314453125
1,1909.804931640625,2112.06494140625
1,1991.240478515625,2120.93505859375
1,2020.1134033203125,2106.7900390625
1,2015.8544921875,2112.699462890625
1,2014.264892578125,2098.851318359375
1,1937.8682861328125,2084.56787109375
1,1376.0792236328125,2086.61279296875
1,911.1072387695312,2122.278076171875
1,682.9707641601562,2180.983154296875
1,667.782470703125,2198.503662109375
1,694.8043823242188,2190.304931640625
1,679.5409545898438,2193.721923828125
1,519.4560546875,2232.827880859375
1,426.6388854980469,2261.97216796875
1,436.37445068359375,2250.952880859375
1,449.21807861328125,2257.453369140625
1,444.2510681152344,2248.76220703125
1,440.238525390625,2258.218017578125
1,443.6480712890625,2219.420166015625
1,669.4052124023438,2196.612060546875
1,745.6897583007812,2187.92041015625
1,760.0989990234375,2163.276611328125
1,755.3082275390625,2175.23779296875
1,757.7264404296875,2178.24951171875
1,762.4553833007812,2183.631103515625
1,758.3793334960938,2169.767578125
1,848.953369140625,2162.6357421875
1,1088.00341796875,2201.1259765625
1,1079.5057373046875,2219.976318359375
1,1086.0789794921875,2182.697998046875
1,1085.16748046875,2193.58154296875
1,1087.669189453125,2195.99267578125
1,1092.0098876953125,2191.13623046875
1,1122.636962890625,2215.104248046875
1,1424.2442626953125,2155.128662109375
1,1413.654052734375,2151.3798828125
1,1414.53369140625,2153.288330078125
1,1416.109130859375,2152.98388671875
1,1404.726318359375,2144.75927734375
1,1414.6630859375,2142.11181640625
1,1413.2794189453125,2131.689697265625
1,1334.6165771484375,2166.437744140625
1,1329.161376953125,2182.1220703125
1,1323.1170654296875,2182.892822265625
1,1079.73779296875,2242.585693359375
1,600.779296875,2308.414306640625
1,478.3368225097656,2292.6142578125
1,475.4952087402344,2307.7119140625
1,504.4853820800781,2305.35546875
1,497.95294189453125,2294.186767578125
1,501.8934020996094,2302.137451171875
1,501.9627990722656,2308.4775390625
1,482.0103759765625,2298.778076171875
1,466.31744384765625,2289.8291015625
1,462.6329650878906,2313.593017578125
1,494.1374816894531,2304.832763671875
1,798.7283325195312,2240.9775390625
1,799.9326171875,2243.681640625
1,797.9130859375,2231.34814453125
1,808.5609741210938,2209.93701171875
1,800.490234375,2249.36767578125
1,800.2938232421875,2236.563720703125
1,800.6346435546875,2234.1513671875
1,795.5922241210938,2253.13671875
1,1121.080322265625,2287.473876953125
1,1168.4561767578125,2276.172119140625
1,1174.7791748046875,2286.17236328125
1,1160.86865234375,2273.30419921875
1,1173.393310546875,2267.7421875
1,1167.066650390625,2260.920654296875
1,1448.323974609375,2262.501708984375
1,1460.8790283203125,2257.651123046875
1,1456.8741455078125,2253.113525390625
1,1460.123046875,2260.656982421875
1,1460.7706298828125,2255.207275390625
1,1460.99609375,2255.912841796875
1,1878.072021484375,2287.079833984375
1,1921.28759765625,2257.32470703125
1,1928.6036376953125,2271.349609375
1,1926.3646240234375,2259.510498046875
1,1925.6954345703125,2249.758056640625
1,1922.676025390625,2247.71923828125
1,2042.7390950520833,2285.9381510416665
1,2083.6521809895835,2271.0721028645835
1,2088.357421875,2291.06201171875
1,2077.6902669270835,2265.5880533854165
1,1975.4459635416667,2292.41650390625
1,1440.2491861979167,2155.76220703125
1,874.5275065104166,2208.1702473958335
1,546.6658935546875,2295.1634114583335
1,552.3066813151041,2307.3961588541665
1,566.2564290364584,2332.2447916666665
1,552.7535400390625,2320.0185546875
1,525.7007649739584,2315.2273763020835
1,409.0044759114583,2367.7332356770835
1,418.2506510416667,2337.6180013020835
1,414.6326090494792,2322.4988606770835
1,428.1051839192708,2314.44970703125
1,412.6831461588542,2331.5198567708335
1,483.7086995442708,2485.8160807291665
1,549.043212890625,2584.90625
1,551.4761149088541,2619.4200846354165
1,536.9040120442709,2670.9114583333335
1,540.3643798828125,2663.7325846354165
1,559.7769368489584,2639.1936848958335
1,450.2033284505208,2852.431640625
1,443.7707112630208,2929.3834635416665
1,441.7983805338542,2941.0152994791665
1,436.8785400390625,2943.5348307291665
1,426.377685546875,2948.5198567708335
1,423.8135579427083,2933.8893229166665
1,428.8206787109375,2954.318359375
1,598.3701578776041,2909.5862630208335
1,677.4727376302084,2916.0517578125
1,678.0279947916666,2939.9505208333335
1,696.163330078125,2908.5657552083335
1,690.8589680989584,2911.7887369791665
1,689.8733723958334,2897.7350260416665
1,699.480224609375,2925.6380208333335
1,715.2383626302084,2914.6087239583335
1,572.9426676432291,2597.93017578125
1,576.6667073567709,2569.4278971354165
1,570.678466796875,2597.9879557291665
1,571.5760904947916,2586.11328125
1,561.1175130208334,2635.7822265625
1,536.75830078125,2641.5651041666665
1,551.7809651692709,2639.3341471354165
1,564.7862141927084,2608.1866861979165
1,544.7272135416666,2621.98095703125
1,1150.3014322916667,2671.25341796875
1,1702.5709635416667,2606.9869791666665
1,1734.1427408854167,2625.2978515625
1,1741.5703125,2623.2830403645835
1,1763.18798828125,2615.20361328125
1,1772.25830078125,2652.6892903645835
1,1750.6331380208333,2620.8956705729165
1,1867.4191080729167,3011.5745442708335
1,1884.9129231770833,2982.2425130208335
1,1889.01220703125,2978.9016927083335
1,1892.5113932291667,2986.2041015625
1,1898.6285807291667,2981.0930989583335
1,1949.07666015625,3077.0520833333335
1,2016.7283935546875,3192.393798828125
1,2010.9000244140625,3180.15625
1,2022.7203369140625,3148.468505859375
1,2026.490478515625,3151.553955078125
1,2031.1927490234375,3152.36962890625
1,1724.629150390625,3168.574462890625
1,1469.9102783203125,3200.952392578125
1,1453.6876220703125,3157.012939453125
1,1442.501220703125,3165.49755859375
1,1432.2513427734375,3158.446044921875
1,1319.5263671875,3003.467041015625
1,838.0114135742188,2569.85400390625
1,660.6642456054688,2722.6767578125
1,682.6295776367188,2746.14013671875
1,697.3411865234375,2700.84375
1,663.7214965820312,2642.279296875
1,640.0675659179688,2618.519775390625
1,639.2166137695312,2577.547607421875
1,549.8759765625,2641.6025390625
1,540.3255615234375,2635.2568359375
1,567.3466186523438,2619.2001953125
1,548.1336669921875,2599.66650390625
1,546.0178833007812,2590.956787109375
1,559.9813232421875,2601.355712890625
1,588.24658203125,2449.881591796875
1,1062.8095703125,856.4216918945312
1,1070.023681640625,786.073974609375
1,1111.842041015625,812.5159912109375
1,1159.4195556640625,856.6533203125
1,1118.673828125,971.3265991210938
1,1103.0391845703125,992.83056640625
1,1129.533935546875,885.9630126953125
1,1145.9761962890625,982.646240234375
1,1096.2457275390625,932.143310546875
1,1081.0733642578125,937.9675903320312
1,1085.6163330078125,928.7548217773438
1,1110.501708984375,1005.2303466796875
1,1040.0546875,925.3226928710938
1,1023.4334716796875,928.387451171875
1,1054.58740234375,994.2762451171875
1,1059.868408203125,987.860595703125
1,1082.09814453125,1102.34130859375
1,1043.2506103515625,1050.3409423828125
1,1056.30615234375,1060.0111083984375
1,1012.650634765625,1075.33740234375
1,985.2599487304688,1043.432861328125
1,975.7617797851562,1016.7537231445312
1,978.3784790039062,1068.359130859375
1,982.8765869140625,925.9012451171875
1,977.854248046875,1027.63818359375
1,975.5125122070312,977.5086669921875
1,987.05322265625,1002.80712890625
1,932.2506103515625,1042.17626953125
1,961.8768310546875,997.1945190429688
1,999.903076171875,1041.856689453125
1,1010.4187622070312,1031.466552734375
1,920.1710815429688,1074.1995849609375
1,852.9081420898438,927.4877319335938
1,825.99072265625,956.5784301757812
1,839.54248046875,960.1554565429688
1,798.8269653320312,952.7132568359375
1,832.8297119140625,973.2264404296875
1,1689.603271484375,875.2181396484375
1,1817.5379638671875,793.2801513671875
1,1823.3828125,909.55126953125
1,1766.1790771484375,975.86376953125
1,1758.64697265625,907.89599609375
1,1958.0706787109375,867.7750854492188
1,1875.8441162109375,839.8583984375
1,1996.2642822265625,1096.7078857421875
1,2021.1580810546875,1016.9744262695312
1,2049.0595703125,1047.7908935546875
1,2016.1094970703125,1012.7728271484375
1,2008.42431640625,1154.9468994140625
1,1939.754150390625,1176.16845703125
1,1919.462158203125,1255.2225341796875
1,1865.0858154296875,1259.9423828125
1,1800.8521728515625,1212.80712890625
1,1741.19677734375,1241.9637451171875
1,1779.49169921875,1391.7471923828125
1,1790.7845458984375,1353.9857177734375
1,1791.8082275390625,1280.6878662109375
1,1791.6943359375,1288.838134765625
1,1417.835693359375,1686.9073486328125
1,1274.9068603515625,1727.7391357421875
1,1272.7379150390625,1744.7125244140625
1,1341.6051025390625,1788.5301513671875
1,1353.718017578125,1776.9185791015625
1,1053.859375,1573.369873046875
1,903.55810546875,1560.2386474609375
1,929.4468994140625,1606.6092529296875
1,917.2301025390625,1553.4781494140625
1,926.5791015625,1581.206787109375
1,904.1288452148438,1551.0472412109375
1,723.9713134765625,1460.479736328125
1,586.4683227539062,1629.4173583984375
1,572.8475341796875,1452.8878173828125
1,1174.845947265625,1638.3271484375
1,1057.7900390625,1672.0711669921875
1,858.3683471679688,1618.72802734375
1,554.2608642578125,1642.741943359375
1,526.1043701171875,1475.727294921875
1,1372.6546630859375,1445.69970703125
1,1829.4375,1122.6639404296875
1,1797.5291748046875,1078.509765625
2,687.9802856445312,1688.9681396484375
2,1026.487548828125,1000.808837890625
2,1037.9566650390625,940.7734375
2,961.7569580078125,945.577880859375
2,983.383544921875,945.659423828125
2,915.2011108398438,920.9207153320312
2,746.4775390625,968.26025390625
2,610.9705200195312,993.1860961914062
2,449.3050842285156,1079.2586669921875
2,322.71002197265625,1156.1063232421875
2,995.7879028320312,1125.1156005859375
2,937.0233154296875,1223.6143798828125
2,803.185546875,1391.706298828125
2,619.393310546875,1459.288330078125
2,1680.73046875,1216.1038818359375
2,1838.297119140625,1156.368896484375
2,2277.738525390625,1404.6162109375
2,1608.6414794921875,933.9422607421875
2,1123.92138671875,711.3038330078125
2,1138.79052734375,899.7809448242188
2,1122.9520263671875,933.3080444335938
2,1536.9971923828125,805.3882446289062
2,1931.0394287109375,739.546142578125
2,1904.4564208984375,740.0225219726562
2,1891.682861328125,774.0664672851562
2,1912.1239013671875,790.2936401367188
2,1908.374267578125,778.1204833984375
2,1890.5836181640625,757.4443359375
2,1925.702392578125,761.2515258789062
2,1933.2547607421875,797.818603515625
2,1930.2412109375,820.4520874023438
2,1889.8798828125,845.7650756835938
2,1884.3052978515625,876.1558227539062
2,1870.8955078125,884.5527954101562
2,1886.038818359375,832.5797729492188
2,2061.93408203125,1006.3015747070312
2,2066.142578125,915.227294921875
2,2046.261474609375,871.1517944335938
2,1999.4764404296875,839.4966430664062
2,1963.9239501953125,851.806396484375
2,2098.110595703125,1033.1126708984375
2,2054.51171875,1033.038330078125
2,2032.689208984375,1004.7071533203125
2,1993.228759765625,994.831298828125
2,1979.9129638671875,963.2625732421875
2,1960.9752197265625,996.9363403320312
2,1890.441162109375,1031.3531494140625
2,1810.4532470703125,1095.08544921875
2,1775.727294921875,1138.267333984375
2,1756.8861083984375,1178.500732421875
2,1735.845703125,1199.6002197265625
2,2013.733154296875,1050.6524658203125
2,2017.1717529296875,1047.9522705078125
2,2019.3531494140625,1040.5260009765625
2,2024.200927734375,1049.44189453125
2,2019.7196044921875,1052.153076171875
2,2026.751708984375,1046.86474609375
2,2036.6376953125,1063.0482177734375
2,2036.8858642578125,1081.19775390625
2,2035.70166015625,1068.9898681640625
2,2030.8182373046875,1119.6661376953125
2,2092.67578125,1084.3310546875
2,2315.70166015625,813.1700439453125
2,1885.54931640625,1120.031494140625
2,1886.198486328125,878.8377075195312
2,1872.9857177734375,895.7847900390625
2,1881.4906005859375,892.7047119140625
2,1870.4677734375,897.5662231445312
2,1856.5791015625,904.2627563476562
2,1857.468505859375,912.5443115234375
2,1858.5823974609375,915.8228149414062
2,1862.52001953125,918.84033203125
2,1854.6148681640625,926.1394653320312
2,1863.341552734375,911.1124267578125
2,1871.6605224609375,915.4699096679688
2,1868.2130126953125,909.8220825195312
2,1866.2059326171875,925.716552734375
2,1864.36865234375,920.2537231445312
2,1866.5135498046875,914.9711303710938
2,1765.02197265625,824.7732543945312
2,1773.3111572265625,821.4635009765625
2,1768.2685546875,835.2573852539062
2,1771.2056884765625,845.193603515625
2,1765.6063232421875,841.1815795898438
2,1771.7259521484375,857.0675048828125
2,1766.2958984375,830.1395874023438
2,1761.7015380859375,856.8693237304688
2,1767.1925048828125,837.2252197265625
2,1754.6302490234375,859.7041625976562
2,1757.7178955078125,830.80126953125
2,1757.9288330078125,834.0156860351562
2,1759.9014892578125,839.267333984375
2,1763.177001953125,838.8798217773438
2,1675.7010498046875,862.7398071289062
2,1368.2103271484375,941.9533081054688
2,1364.4539794921875,942.906982421875
2,1376.9461669921875,915.6979370117188
2,1360.1949462890625,906.172607421875
2,1356.615234375,912.0526733398438
2,1364.4208984375,932.7581176757812
2,1342.414306640625,902.1123046875
2,1638.145751953125,922.9155883789062
2,1730.5289306640625,783.5174560546875
2,1715.8421630859375,831.5196533203125
2,1701.9154052734375,807.174560546875
2,1676.84619140625,815.2389526367188
2,1681.04296875,857.5635375976562
2,1687.595947265625,851.7044677734375
2,1707.424560546875,822.9552612304688
2,1709.3218994140625,801.4548950195312
2,1712.24853515625,769.7275390625
2,1710.5906982421875,739.7276000976562
2,1714.8323974609375,729.3294067382812
2,1704.326416015625,793.3821411132812
2,1708.912353515625,790.9592895507812
2,1708.1497802734375,810.99658203125
2,1704.763427734375,789.1732788085938
2,1704.58447265625,794.7900390625
2,1702.095947265625,813.906982421875
2,1703.2962646484375,803.5399780273438
2,1716.4996337890625,808.8892211914062
2,1711.9847412109375,796.7775268554688
2,1714.9840087890625,729.6947631835938
2,1673.819580078125,796.6868286132812
2,1649.8131103515625,893.677978515625
2,1098.5609130859375,1032.96240234375
2,1119.598388671875,1251.986328125
2,838.1698608398438,1411.9073486328125
2,758.6787719726562,1523.4100341796875
2,735.4154052734375,1508.5140380859375
2,702.7139892578125,1499.3929443359375
2,721.1915283203125,1428.286376953125
2,772.4429931640625,1460.6351318359375
2,779.08447265625,1491.4139404296875
2,759.0617065429688,1509.995361328125
2,762.0507202148438,1524.47265625
2,740.57421875,1495.185302734375
2,816.4633178710938,1628.392822265625
2,874.5850830078125,1885.8497314453125
2,582.9805297851562,1646.2645263671875
2,431.9587707519531,1497.1046142578125
2,412.85479736328125,1448.451904296875
2,466.3721923828125,1465.0390625
2,448.6819152832031,1470.908447265625
2,449.7829284667969,1522.9149169921875
2,445.541015625,1524.894775390625
2,461.5167236328125,1512.210205078125
2,359.9298400878906,1682.0484619140625
2,361.8282165527344,1720.1405029296875
2,386.07568359375,1712.7716064453125
2,407.6643371582031,1671.639404296875
2,419.6810607910156,1684.887939453125
2,436.24066162109375,1662.7354736328125
2,449.88873291015625,1680.194091796875
2,448.56689453125,1655.0892333984375
2,442.20703125,1669.33251953125
2,443.2716979980469,1661.041748046875
2,471.6247253417969,1580.0736083984375
2,469.4984944661458,1490.94873046875
2,473.952880859375,1481.9503580729167
2,485.8704427083333,1492.20751953125
2,486.0453694661458,1494.5262044270833
2,482.1023356119792,1490.9920247395833
2,474.2038167317708,1484.4949544270833
2,478.1958821614583,1486.3815104166667
2,483.5832112630208,1474.1007486979167
2,467.6360270182292,1470.7556966145833
2,495.1519775390625,1478.8561197916667
2,504.0066324869792,1488.427734375
2,485.040771484375,1491.43798828125
2,478.1241455078125,1487.7897135416667
2,512.3084309895834,1578.3917643229167
2,511.748291015625,1571.8538411458333
2,512.9805908203125,1590.3025716145833
2,516.7008056640625,1579.1725260416667
2,520.0647379557291,1596.2311197916667
2,535.3153889973959,1580.07373046875
2,528.6875813802084,1466.4998372395833
2,673.1685791015625,1613.6940104166667
2,467.0625,1758.4195963541667
2,513.18212890625,1627.06298828125
2,516.6493326822916,1600.34423828125
2,530.4744873046875,1581.38720703125
2,516.467529296875,1606.5895182291667
2,793.9500325520834,1551.0086263020833
2,935.7705078125,1497.3723958333333
2,959.4838053385416,1498.5691731770833
2,956.398193359375,1498.4547526041667
2,964.388427734375,1490.3033854166667
2,964.2423502604166,1502.02685546875
2,966.9892578125,1509.5831705729167
2,965.7726236979166,1484.4290364583333
2,800.288818359375,1460.705078125
2,802.5242513020834,1447.0236002604167
2,804.052490234375,1457.6033528645833
2,801.4171549479166,1471.4576822916667
2,808.5711263020834,1470.0109049479167
2,804.45361328125,1490.6407877604167
2,738.1602376302084,1481.0244140625
2,560.5494384765625,1477.43505859375
2,565.7601725260416,1472.3660481770833
2,569.4630126953125,1473.6380208333333
2,565.8756510416666,1490.4078776041667
2,558.9503580729166,1489.7347005208333
2,569.0770263671875,1481.79248046875
2,565.9901529947916,1488.3640950520833
2,575.9878743489584,1480.3561197916667
2,959.3501790364584,1432.9718424479167
2,983.2257486979166,1445.84716796875
2,981.0643717447916,1462.3310546875
2,977.9779459635416,1455.02392578125
2,978.1305338541666,1442.7376302083333
2,971.9341634114584,1436.56396484375
2,981.6393229166666,1421.5712890625
2,1130.8687337239583,1430.2540690104167
2,1127.9093424479167,1428.8092447916667
2,1132.9759114583333,1428.6632486979167
2,1133.7261555989583,1421.0791015625
2,1135.886474609375,1425.97607421875
2,807.8812866210938,1566.658935546875
2,546.8084716796875,1680.2578125
2,557.227294921875,1665.6912841796875
2,559.6566162109375,1662.840576171875
2,554.2903442382812,1654.42822265625
2,565.0197143554688,1655.2783203125
2,349.34210205078125,1751.250732421875
2,372.6071472167969,1745.21923828125
2,374.1410217285156,1732.926025390625
2,380.1789245605469,1720.2760009765625
2,379.384521484375,1720.550537109375
2,395.6451110839844,1719.087646484375
2,674.2244262695312,1721.4893798828125
2,670.1292724609375,1716.38037109375
2,666.800048828125,1732.47900390625
2,665.597900390625,1725.3984375
2,673.9015502929688,1731.668701171875
2,671.8077392578125,1728.639892578125
2,771.3507080078125,1718.7391357421875
2,922.927001953125,1689.0701904296875
2,910.0870361328125,1688.0662841796875
2,909.6839599609375,1701.498046875
2,910.0259399414062,1708.349609375
2,916.772216796875,1715.015625
2,913.0411376953125,1706.732421875
2,680.7518310546875,1733.46435546875
2,734.2738037109375,1713.8582763671875
2,615.9514770507812,1728.4365234375
2,616.7809448242188,1732.245361328125
2,619.9500122070312,1714.72900390625
2,631.779296875,1695.7197265625
2,591.7705688476562,1619.314208984375
2,893.183349609375,2099.026611328125
2,1004.163818359375,1643.5399169921875
2,981.8020629882812,1735.2874755859375
2,1024.8148193359375,1694.6748046875
2,1036.59033203125,1685.2144775390625
2,1050.72265625,1706.915283203125
2,1058.0208740234375,1704.986328125
2,1050.159423828125,1701.954833984375
2,1060.48046875,1706.1529541015625
2,1049.1800537109375,1689.1654052734375
2,1055.703369140625,1687.6385498046875
2,1033.1185302734375,1693.938232421875
2,1029.7142333984375,1679.556640625
2,1028.525390625,1678.7939453125
2,1006.2705688476562,1660.9232177734375
2,1007.1326904296875,1666.845458984375
2,938.3804321289062,1673.16455078125
2,944.6148071289062,1683.0977783203125
2,970.9728393554688,1658.759521484375
2,923.1849975585938,1652.564697265625
2,897.1250610351562,1633.1810302734375
2,835.1547241210938,1532.9892578125
2,794.2197875976562,1538.428466796875
2,907.7813110351562,1475.8162841796875
2,920.1162109375,1464.176513671875
2,952.826904296875,1517.6590576171875
2,935.4542236328125,1478.298583984375
2,1023.5310872395834,1470.5677083333333
2,954.034912109375,1489.1923828125
2,1046.5185546875,1485.3885091145833
2,1045.1896158854167,1526.9537760416667
2,982.9224446614584,1527.1555989583333
2,1035.193359375,1543.6295572916667
2,810.322509765625,1536.4150390625
2,736.054931640625,1611.8448893229167
2,817.9767252604166,1654.62255859375
2,815.6271158854166,1717.3590494791667
2,867.1219889322916,1741.4313151041667
2,861.98779296875,1788.3860677083333
2,795.324462890625,1802.14208984375
2,827.6884765625,1815.7809244791667
2,809.420654296875,1809.55859375
2,831.4318033854166,1825.29638671875
2,885.1571451822916,1740.857421875
2,863.271240234375,1729.11328125
2,888.3134765625,1703.5735677083333
2,850.5196940104166,1752.2488606770833
2,917.7218424479166,1595.1492513020833
2,887.636962890625,1940.2127278645833
2,974.7197265625,1657.0458984375
2,889.4168294270834,1601.2506510416667
2,767.834228515625,1563.7893880208333
2,735.4637044270834,1770.19580078125
2,826.3392740885416,1751.7443033854167
2,878.3924153645834,1681.8133138020833
2,902.2049967447916,1593.1484375
2,877.7083333333334,1611.6181640625
2,879.2845052083334,1592.9475911458333
2,877.264892578125,1610.1637369791667
2,861.6488444010416,1591.3038736979167
2,867.92529296875,1589.2571614583333
2,864.8087565104166,1599.0979817708333
2,848.1538899739584,1635.9375
2,829.7000325520834,1657.1188151041667
2,519.8777669270834,1749.98828125
2,478.5906982421875,1693.7374674479167
2,501.6611328125,1666.3759765625
2,466.5238444010417,1719.630859375
2,470.0255940755208,1653.7097981770833
2,467.3849690755208,1682.51953125
2,454.2851969401042,1660.2565104166667
2,403.3561197916667,1613.0310872395833
2,352.8730875651042,1595.3408203125
2,146.48595174153647,1592.5222981770833
2,197.05426025390625,1580.0745442708333
2,172.88509114583334,1486.23291015625
2,215.65974934895834,1468.7034505208333
2,259.2978922526042,1463.0921223958333
2,263.53428141276044,1476.0603841145833
2,180.70475260416666,1491.1083984375
2,208.03743489583334,1540.23193359375
2,173.061767578125,1590.6809895833333
2,196.72603352864584,1608.9187825520833
2,190.76973470052084,1628.55029296875
2,203.0791219075521,1639.31298828125
2,212.694091796875,1658.5914713541667
2,360.2594807942708,1661.9705403645833
2,393.9524230957031,1667.9720458984375
2,423.6016845703125,1655.1893310546875
2,419.33740234375,1632.49755859375
2,449.1758728027344,1646.3475341796875
2,481.05841064453125,1675.238525390625
2,478.1945495605469,1666.274658203125
2,507.900634765625,1618.52783203125
2,523.6844482421875,1625.5457763671875
2,490.9098205566406,1651.5130615234375
2,503.18878173828125,1656.279052734375
2,488.1300354003906,1655.611572265625
2,487.2109680175781,1644.274658203125
2,500.17340087890625,1625.70703125
2,551.3212280273438,1610.873291015625
2,562.758544921875,1589.1923828125
2,551.8317260742188,1578.0572509765625
2,561.2662353515625,1593.3289794921875
2,551.0305786132812,1588.3521728515625
2,549.9697265625,1591.7603759765625
2,544.2235717773438,1595.0997314453125
2,534.1718139648438,1612.521484375
2,507.56121826171875,1635.13671875
2,555.2711181640625,1605.2845458984375
2,549.846435546875,1607.3118896484375
2,509.4596252441406,1595.78955078125
2,495.7291259765625,1587.2138671875
2,527.0819091796875,1580.62841796875
2,432.4478759765625,1531.0423583984375
2,419.9465026855469,1493.4183349609375
2,386.5898132324219,1414.9271240234375
2,419.3907165527344,1464.1690673828125
2,934.2272338867188,1416.5855712890625
2,829.136962890625,1335.8905029296875
2,993.6688842773438,1373.6641845703125
2,989.5115966796875,1375.9967041015625
2,1002.051513671875,1429.57470703125
2,1061.6124267578125,1408.7850341796875
2,1053.7777099609375,1356.3311767578125
2,1046.585205078125,1283.408203125
2,1222.97265625,1234.7449951171875
2,1185.8807373046875,1292.48046875
2,1223.177734375,1270.551025390625
2,1241.8961181640625,1268.5369873046875
2,1255.2100830078125,1194.3719482421875
2,1217.3856201171875,1263.703857421875
2,1139.489501953125,1258.5703125
2,1183.831298828125,1274.6322021484375
2,936.34716796875,1298.2535400390625
2,735.52880859375,1301.4327392578125
2,771.3170776367188,1298.9178466796875
2,868.4259033203125,1322.05859375
2,1103.8250732421875,1385.938232421875
2,563.9620361328125,1534.33447265625
2,477.1748352050781,1529.673828125
2,575.6121215820312,1547.49853515625
2,600.724365234375,1525.8470458984375
2,615.7125854492188,1585.863037109375
2,617.3716430664062,1630.5867919921875
2,626.9240112304688,1659.4722900390625
2,639.9747314453125,1679.228759765625
2,609.8331298828125,1712.2867431640625
2,669.4494018554688,1778.3837890625
2,578.3563842773438,1634.031494140625
2,472.39263916015625,1662.2156982421875
2,523.254150390625,1910.3194580078125
2,551.0308227539062,1699.8280029296875
2,553.9009399414062,1638.4053955078125
2,522.7778930664062,1604.5755615234375
2,517.8029174804688,1511.18310546875
2,548.0228881835938,1503.93212890625
2,585.6795654296875,1556.0035400390625
2,545.4788818359375,1586.38916015625
2,526.5286254882812,1585.0068359375
2,694.3161010742188,1579.9041748046875
2,947.1409912109375,1649.2308349609375
2,949.9249877929688,1533.6541748046875
2,965.4851684570312,1526.2969970703125
2,963.450439453125,1561.4403076171875
2,993.41845703125,1593.1939697265625
2,1763.368896484375,1538.5648193359375
2,1800.06396484375,1435.2672119140625
2,1491.3868408203125,1422.4205322265625
2,1542.7374267578125,1440.8427734375
2,1641.0435791015625,1438.4371337890625
2,1642.713134765625,1458.1739501953125
2,1668.224853515625,1443.494140625
2,1793.6812744140625,1413.736572265625
2,1816.9588623046875,1437.7850341796875
2,1850.3001708984375,1429.367919921875
2,1987.96923828125,1496.4163818359375
2,1918.3682861328125,1466.0762939453125
2,1879.92626953125,1464.3199462890625
2,1861.5965576171875,1453.52783203125
2,1823.158203125,1521.087158203125
2,1791.64111328125,1551.1240234375
2,1781.77783203125,1553.83642578125
2,1773.4012451171875,1582.58349609375
2,1732.359375,1569.2073974609375
2,1693.6802978515625,1593.026611328125
2,2073.21630859375,1653.4313151041667
2,2066.0494791666665,1653.0818684895833
2,2073.01904296875,1656.7267252604167
2,2103.3623046875,1658.9993489583333
2,2086.4933268229165,1655.2449544270833
2,1645.8611653645833,1678.927734375
2,1259.866943359375,1662.1624348958333
2,1010.0634765625,1688.3662109375
2,879.80810546875,1733.3600260416667
2,994.1011555989584,1771.7434895833333
2,1123.4198404947917,1770.66162109375
2,1201.400146484375,1765.2047526041667
2,1301.2577311197917,1730.1764322916667
2,1393.2464192708333,1682.6515299479167
2,1323.3194173177083,1690.9176432291667
2,1342.6937662760417,1647.34130859375
2,397.8251647949219,1628.58740234375
2,364.98712158203125,1661.873046875
2,344.885498046875,1661.56787109375
2,351.0024108886719,1624.9765625
2,362.691162109375,1639.220947265625
2,359.0385437011719,1651.2958984375
2,365.96026611328125,1644.2235107421875
2,359.0068359375,1668.7711181640625
2,379.5085754394531,1656.60498046875
2,377.66986083984375,1680.4930419921875
2,371.8399658203125,1688.2001953125
2,369.9581604003906,1708.2772216796875
2,658.8255615234375,1585.210205078125
2,697.5408325195312,1585.7947998046875
2,709.892578125,1604.6865234375
2,708.8087158203125,1598.954345703125
2,702.4819946289062,1597.7769775390625
2,709.401611328125,1604.06787109375
2,899.4074096679688,1617.5662841796875
2,911.641357421875,1620.6923828125
2,903.240966796875,1621.35400390625
2,894.8899536132812,1620.3807373046875
2,927.1490478515625,1591.8360595703125
2,880.9004516601562,1579.906005859375
2,895.10546875,1552.4327392578125
2,914.0346069335938,1618.25341796875
2,1094.8134765625,1636.6607666015625
2,1163.0762939453125,1649.7891845703125
2,1156.704833984375,1662.415283203125
2,1142.5128173828125,1647.2298583984375
2,1139.844482421875,1650.376953125
2,1153.810302734375,1679.1954345703125
2,1169.3076171875,1666.2021484375
2,1164.4661865234375,1678.2242431640625
2,1390.1761474609375,1680.4161376953125
2,1519.181396484375,1689.9583740234375
2,1509.42822265625,1717.23193359375
2,1525.224365234375,1722.72265625
2,1532.6051025390625,1711.8289794921875
2,1563.1868896484375,1730.8089599609375
2,1530.563232421875,1698.444091796875
2,1544.376708984375,1658.1846923828125
2,1565.86962890625,1714.3782958984375
2,1779.273193359375,1670.2230224609375
2,1559.7113037109375,1865.1060791015625
2,1579.0128173828125,1761.2481689453125
2,1855.73095703125,1780.5313720703125
2,1875.370361328125,1676.3345947265625
2,1904.2940673828125,1648.602294921875
2,1948.8370361328125,1586.8055419921875
2,1920.653076171875,1606.0123291015625
2,1925.2174072265625,1595.2950439453125
2,1940.4510498046875,1575.8660888671875
2,2139.122314453125,1670.65283203125
2,2159.127197265625,1645.0948486328125
2,2171.37744140625,1631.61181640625
2,2176.6044921875,1649.5184326171875
2,2200.39892578125,1644.514892578125
2,2187.745849609375,1639.2733154296875
2,1961.8988037109375,1605.2926025390625
2,1412.43212890625,1674.52392578125
2,1038.8992513020833,1762.517578125
2,712.10888671875,1776.98681640625
2,462.4794921875,1838.31591796875
2,460.427001953125,1808.4443359375
2,428.86328125,1851.68359375
2,555.3633626302084,1859.2042643229167
2,529.4234619140625,1850.1904296875
2,457.4827880859375,1834.65625
2,430.618896484375,1748.40478515625
2,414.8428141276042,1715.1339518229167
2,391.742919921875,1667.5263671875
2,427.2469075520833,1745.5914713541667
2,398.2093912760417,1719.2975260416667
2,397.9706217447917,1715.8551432291667
2,411.404052734375,1788.76416015625
2,417.5196533203125,1766.2744140625
2,392.2760009765625,1769.0426432291667
2,377.9053548177083,1735.1808268229167
2,388.4892171223958,1733.7337239583333
2,388.8669026692708,1731.70166015625
2,619.6844889322916,1799.6668294270833
2,653.2468668619791,1785.2071940104167
2,638.2524007161459,1780.3492838541667
2,611.148681640625,1892.9996337890625
2,605.471435546875,1912.80615234375
2,615.9080200195312,1914.674072265625
2,710.8775634765625,1880.6114501953125
2,766.7860717773438,1862.8018798828125
2,760.2511596679688,1873.7950439453125
2,767.529052734375,1872.153564453125
2,766.19384765625,1881.157470703125
2,762.0400390625,1901.3221435546875
2,768.541015625,1911.3863525390625
2,1111.098388671875,1869.577880859375
2,1143.800537109375,1884.3216552734375
2,1145.6783447265625,1877.024658203125
2,1141.845947265625,1891.0653076171875
2,1142.8463134765625,1909.5069580078125
2,1129.240966796875,1912.84423828125
2,1147.6986083984375,1922.0753173828125
2,1335.539794921875,1890.774658203125
2,1362.0189208984375,1887.5340576171875
2,1374.96533203125,1899.875
2,1349.5382080078125,1916.387939453125
2,1346.04736328125,1915.1795654296875
2,1425.4822998046875,2188.116943359375
2,1427.476318359375,2161.93505859375
2,1403.6273193359375,2116.544921875
2,1412.765625,2004.1080322265625
2,1437.3974609375,1911.749267578125
2,1465.4979248046875,1914.6004638671875
2,1465.29150390625,1924.0693359375
2,1459.412353515625,1917.4857177734375
2,1460.57470703125,1949.323974609375
2,1429.1839599609375,1931.469482421875
2,1634.6129150390625,1929.9571533203125
2,1849.8900146484375,1941.193115234375
2,1852.4298095703125,1939.5426025390625
2,1847.678955078125,1940.8681640625
2,1863.0966796875,1936.107421875
2,1837.369384765625,1922.45166015625
2,1847.623291015625,1915.1370849609375
2,1836.10791015625,1906.8270263671875
2,1842.9136962890625,1902.0762939453125
2,1844.508544921875,1899.82568359375
2,1982.8170166015625,1940.26513671875
2,2002.7493896484375,1923.691650390625
2,1994.42138671875,1895.4376220703125
2,1980.131591796875,1903.5887451171875
2,1984.9749755859375,1912.1455078125
2,2010.043212890625,1930.1322021484375
2,2000.691650390625,1922.574951171875
2,2000.373291015625,1931.78173828125
2,2014.5362548828125,1922.8082275390625
2,2014.1217041015625,1907.7874755859375
2,2073.1337890625,1894.5487060546875
2,2104.59326171875,1905.9776611328125
2,2096.8486328125,1896.3536376953125
2,2114.1123046875,1905.044921875
2,2060.183349609375,1909.63037109375
2,1623.874267578125,1967.3758544921875
2,1183.9627685546875,2065.5458984375
2,831.24609375,2048.932861328125
2,453.0720520019531,2077.14990234375
2,435.0906982421875,2078.60888671875
2,441.2471008300781,2084.6689453125
2,447.00677490234375,2095.864013671875
2,643.7760009765625,2031.7711181640625
2,742.7532958984375,2043.2047119140625
2,738.3201904296875,2027.7108154296875
2,736.0115356445312,2053.39306640625
2,514.948974609375,2065.427978515625
2,1102.73095703125,2405.386962890625
2,1183.145263671875,1964.8780517578125
2,1137.0655517578125,2005.6766357421875
2,1150.402099609375,2002.9788818359375
2,1155.5919189453125,2005.310302734375
2,1157.3218994140625,2003.4571533203125
2,1154.61767578125,2002.8287353515625
2,1156.3355712890625,1996.7193603515625
2,1177.3648681640625,2001.13671875
2,1447.0394287109375,1990.9815673828125
2,1435.732177734375,1978.703857421875
2,1444.51953125,1988.78955078125
2,1447.9443359375,1987.0633544921875
2,1450.4549560546875,1990.3349609375
2,1445.9840087890625,1998.41162109375
2,1451.3431396484375,2001.5653076171875
2,1453.2340087890625,1990.5269775390625
2,1454.903564453125,1988.326171875
2,1505.6751708984375,1999.2691650390625
2,1757.8179931640625,2008.69482421875
2,1778.43359375,1998.93115234375
2,1775.87451171875,1999.4619140625
2,1770.4298095703125,2000.1461181640625
2,1759.4984130859375,2009.9769287109375
2,1751.2432861328125,1989.9456787109375
2,1754.2060546875,1996.4725341796875
2,1750.4654541015625,2005.200927734375
2,1735.1331787109375,2007.029541015625
2,1921.699462890625,2035.9395751953125
2,2023.155029296875,1993.2672119140625
2,2026.962158203125,2022.88623046875
2,2022.5052490234375,2025.736083984375
2,2018.1578369140625,2032.7830810546875
2,2024.1912841796875,2018.64794921875
2,2014.757080078125,2021.3531494140625
2,2009.613037109375,2007.8787841796875
2,1662.3255615234375,2016.0211181640625
2,1262.152587890625,2063.922119140625
2,916.4747314453125,2104.629150390625
2,920.3516845703125,2093.012939453125
2,922.5121459960938,2090.977783203125
2,924.9857177734375,2100.97216796875
2,904.8108520507812,2094.26611328125
2,513.6235961914062,2136.419677734375
2,430.94110107421875,2142.849853515625
2,456.3951110839844,2133.430419921875
2,454.2855224609375,2112.033203125
2,456.638671875,2102.67578125
2,453.5469055175781,2128.726806640625
2,455.3925476074219,2116.861328125
2,476.8116455078125,2115.30517578125
2,429.0671691894531,2147.66357421875
2,441.6065979003906,2139.16748046875
2,444.3950500488281,2156.885498046875
2,438.8482360839844,2155.930419921875
2,440.8443908691406,2161.768798828125
2,521.6511840820312,2136.86474609375
2,682.8905029296875,2124.421142578125
2,678.8305053710938,2132.139892578125
2,679.0099487304688,2131.322265625
2,676.9515380859375,2128.465087890625
2,679.263671875,2130.904541015625
2,679.9331665039062,2133.378662109375
2,674.7545166015625,2138.36083984375
2,818.48486328125,2123.568603515625
2,882.059326171875,2126.6611328125
2,884.9522094726562,2127.902099609375
2,887.0697021484375,2128.929931640625
2,894.9874877929688,2131.020751953125
2,896.5631713867188,2135.40380859375
2,888.246337890625,2139.67822265625
2,881.1929931640625,2142.525390625
2,793.4868774414062,2158.075439453125
2,743.289794921875,2149.468017578125
2,755.6892700195312,2144.0166015625
2,758.7366943359375,2145.632568359375
2,756.8403930664062,2156.40771484375
2,955.1614990234375,2177.477294921875
2,1010.2241821289062,2139.18359375
2,1008.5751342773438,2136.298095703125
2,1007.0091552734375,2147.400634765625
2,1016.2638549804688,2153.2392578125
2,1031.5941162109375,2146.4072265625
2,1292.739990234375,2257.900634765625
2,1393.539794921875,2167.80859375
2,1345.5704345703125,2135.053955078125
2,1371.65283203125,2133.203125
2,1368.39990234375,2119.660400390625
2,1362.0220947265625,2123.1748046875
2,1355.6639404296875,2121.177734375
2,1356.286865234375,2142.784912109375
2,1359.224609375,2140.787841796875
2,1358.8948974609375,2147.52978515625
2,1419.4642333984375,2137.665771484375
2,1603.0550537109375,2105.294921875
2,1610.9195556640625,2107.199951171875
2,1615.802490234375,2102.25048828125
2,1605.7911376953125,2111.495361328125
2,1604.0552978515625,2116.07763671875
2,1616.2266845703125,2109.675537109375
2,1603.59423828125,2114.0087890625
2,1595.8009033203125,2120.145751953125
2,1607.092529296875,2110.4375
2,1597.1785888671875,2115.2216796875
2,1599.4268798828125,2119.888671875
2,1602.67138671875,2116.587158203125
2,1696.9012451171875,2122.531494140625
2,1870.151123046875,2091.957275390625
2,1864.483154296875,2087.67578125
2,1860.5408935546875,2087.00537109375
2,1846.136962890625,2068.662841796875
2,1936.5330810546875,2120.573486328125
2,1938.7467041015625,2113.15673828125
2,1947.2581787109375,2128.64208984375
2,1953.1636962890625,2145.896728515625
2,1959.8487548828125,2156.717529296875
2,1945.6431884765625,2148.705810546875
2,1954.936279296875,2168.072021484375
2,1966.299072265625,2180.64990234375
2,1961.0821533203125,2153.7509765625
2,1957.7232666015625,2155.095947265625
2,1958.328125,2151.16357421875
2,1951.5675048828125,2129.370849609375
2,1961.1497802734375,2108.770751953125
2,1945.4549560546875,2092.05859375
2,1948.380859375,2082.68798828125
2,1938.338134765625,2089.07373046875
2,1967.010986328125,2097.345703125
2,1952.814453125,2076.21826171875
2,1955.968505859375,2047.4588623046875
2,1904.8157958984375,2099.779541015625
2,1918.466796875,2136.126953125
2,1801.1866455078125,2122.860107421875
2,1791.8204345703125,2136.888916015625
2,1756.922119140625,2121.3505859375
2,1699.1099853515625,2094.38916015625
2,1705.186767578125,2056.900390625
2,1714.4296875,2043.2689208984375
2,1735.1800537109375,2012.1785888671875
2,1782.75927734375,1953.1875
2,1739.685546875,1905.7481689453125
2,1945.662109375,1846.03662109375
2,1984.4671630859375,1839.8194580078125
2,2023.8070068359375,1871.442138671875
2,2005.8082275390625,1864.938232421875
2,2067.055419921875,1866.4039306640625
2,2043.4554443359375,1871.901611328125
2,2079.267822265625,1843.524169921875
2,2176.791259765625,1869.1298828125
2,2182.604736328125,1888.9873046875
2,2195.34912109375,1895.90087890625
2,2268.913330078125,1917.907958984375
2,2286.934814453125,1900.1292724609375
2,2305.9189453125,1920.7501220703125
2,2163.048095703125,1923.44091796875
2,2124.468994140625,1971.5028076171875
2,2252.81494140625,1918.89453125
2,2234.77783203125,1925.51513671875
2,2307.887939453125,1940.949951171875
2,2250.78125,1945.1053466796875
2,2257.93896484375,1977.2567138671875
2,2198.6728515625,1965.31884765625
2,2133.751953125,1950.544189453125
2,2160.494140625,1953.880615234375
2,2008.53173828125,2032.0318603515625
2,2051.195556640625,2031.4947509765625
2,2123.867919921875,2019.8057861328125
2,2182.751953125,2033.4786376953125
2,2343.02978515625,2069.859375
2,2031.11328125,1973.890625
2,1811.1971435546875,1997.2877197265625
2,1704.926025390625,1970.241943359375
2,1468.2745361328125,1924.229736328125
2,1395.8814697265625,1899.0263671875
2,1237.208251953125,1941.0069580078125
2,1137.848388671875,1927.004638671875
2,815.9007568359375,1936.4952392578125
2,617.1002807617188,1901.2821044921875
2,456.2148132324219,1953.0238037109375
2,433.9352722167969,1939.2705078125
2,296.9888610839844,1909.4129638671875
2,276.8180847167969,1937.538330078125
2,298.1233215332031,1976.2198486328125
2,334.63397216796875,1969.832763671875
2,566.5755004882812,1871.092041015625
2,216.41632080078125,2101.97802734375
2,231.13534545898438,2095.822265625
2,714.5346069335938,2050.5244140625
2,731.4545288085938,2047.6414794921875
2,988.5318603515625,1938.0443115234375
2,1004.2752075195312,1936.2076416015625
2,997.9060668945312,1927.7696533203125
2,1018.74609375,1943.359619140625
2,722.3488159179688,2195.796142578125
2,176.50433349609375,3544.0
2,931.859130859375,2545.0517578125
2,1072.832763671875,2314.380615234375
2,974.56201171875,2318.9140625
2,1173.159912109375,2422.295654296875
2,1204.200439453125,2301.946044921875
2,1179.3885498046875,2187.48291015625
2,1183.5616455078125,2221.266357421875
2,1188.4969482421875,2213.2578125
2,1175.1402587890625,2205.016845703125
2,1183.392578125,2251.49755859375
2,1174.9903564453125,2286.08251953125
2,1191.5224609375,2287.281494140625
2,1039.47314453125,2214.9990234375
2,1007.3778686523438,2207.0341796875
2,1044.9951171875,2192.194091796875
2,1032.948486328125,2236.7685546875
2,1041.5316162109375,2256.48193359375
2,1049.5263671875,2251.9443359375
2,1127.20654296875,2261.710205078125
2,1479.338623046875,2261.939697265625
2,1486.562255859375,2264.699951171875
2,1499.0625,2221.40283203125
2,1466.3153076171875,2226.20068359375
2,1455.1986083984375,2191.137451171875
2,1461.019775390625,2139.697265625
2,1516.363525390625,2166.833740234375
2,1769.4278564453125,2259.205810546875
2,1771.8515625,2225.1728515625
2,1791.5118408203125,2210.18212890625
2,1795.0509033203125,2199.51611328125
2,1797.115966796875,2217.546875
2,1808.3173828125,2211.256103515625
2,1798.408203125,2236.314453125
2,1782.8326416015625,2258.435791015625
2,1792.7857666015625,2261.131103515625
2,1772.1568603515625,2276.51806640625
2,1276.5985107421875,2485.628662109375
2,806.7413940429688,2705.11328125
2,477.4085998535156,2869.485107421875
2,476.9244384765625,2895.755615234375
2,476.64117431640625,2917.6337890625
2,486.75323486328125,2912.69677734375
2,473.912841796875,2893.2939453125
2,335.2509765625,2954.565185546875
2,309.8365478515625,2986.957763671875
2,342.5175476074219,2951.451904296875
2,399.80322265625,2698.5712890625
2,340.07293701171875,2337.205078125
2,377.3819274902344,2344.78759765625
2,368.2217102050781,2363.639892578125
2,373.39471435546875,2352.196533203125
2,372.5025329589844,2344.859375
2,374.8547668457031,2350.720947265625
2,408.2220153808594,2198.134033203125
4,1971.3634033203125,698.1082153320312
4,1967.4676513671875,685.7183837890625
4,1965.92822265625,670.7583618164062
4,1948.7982177734375,656.4337158203125
4,1984.7071533203125,753.7103271484375
4,1949.293701171875,829.120849609375
4,1986.831298828125,767.2020263671875
4,1959.4921875,780.2402954101562
4,2056.3193359375,940.8536376953125
4,2015.926513671875,962.136962890625
4,2022.050537109375,955.4714965820312
4,2041.3968505859375,946.6828002929688
4,2064.72412109375,954.8316040039062
4,2098.004150390625,940.7547607421875
4,2120.86328125,919.7951049804688
4,2105.783935546875,897.0669555664062
4,2122.223876953125,936.0706787109375
4,2113.892333984375,884.4801025390625
4,2139.782470703125,862.0362548828125
4,2356.177490234375,977.2776489257812
5,687.4382934570312,1371.5533447265625
5,745.3035888671875,1147.62158203125
5,770.6863403320312,1146.1650390625
5,751.5111694335938,1137.529541015625
5,785.4630737304688,1173.284423828125
5,806.6541748046875,1153.0374755859375
5,1212.0858154296875,722.999267578125
5,1198.9893798828125,738.9889526367188
5,1205.7568359375,724.267333984375
5,1209.3697509765625,739.544677734375
5,1192.4296875,734.6867065429688
5,1538.666015625,756.124755859375
5,1704.2584228515625,697.72509765625
5,1724.4652099609375,677.5068359375
5,1744.600830078125,711.346435546875
5,1719.621826171875,720.0496826171875
5,1696.1729736328125,729.2281494140625
5,1081.7735595703125,1294.470703125
5,857.5197143554688,1385.1214599609375
5,915.3318481445312,1352.03173828125
5,899.6094970703125,1327.9752197265625
5,897.04931640625,1337.20703125
5,892.8751220703125,1321.7236328125
5,668.292236328125,1286.395263671875
5,626.6607666015625,1284.2506103515625
5,617.7408447265625,1305.286376953125
5,623.3140869140625,1287.9205322265625
5,652.8496704101562,1255.370361328125
5,1164.27197265625,1346.9561767578125
5,1192.348876953125,1305.312744140625
5,1224.9473876953125,1308.018798828125
5,1239.629638671875,1294.109130859375
5,1240.5518798828125,1308.2734375
5,1228.15771484375,1320.1953125
5,1222.845947265625,1367.94189453125
5,1234.0543212890625,1356.7020263671875
5,1215.5084228515625,1341.48681640625
5,883.9949340820312,1534.79443359375
5,599.9421997070312,1422.3436279296875
5,567.657470703125,1447.267333984375
5,574.8788452148438,1424.921142578125
5,600.3875732421875,1416.8863525390625
5,620.662353515625,1449.5821533203125
5,596.0267333984375,1414.5548095703125
5,606.7227172851562,1415.314453125
5,569.9580078125,1440.677978515625
5,1221.893798828125,1370.554931640625
5,1346.7305908203125,1394.9173583984375
5,1333.7069091796875,1370.684814453125
5,1310.451171875,1418.131103515625
5,1292.474853515625,1428.9442138671875
5,1319.241455078125,1396.7349853515625
5,1303.1566162109375,1240.756103515625
5,454.2551574707031,1837.1710205078125
5,1004.6118774414062,1411.3057861328125
5,929.5955200195312,1358.662841796875
5,955.80126953125,1385.599609375
5,928.1821899414062,1428.9224853515625
5,924.8175659179688,1403.8663330078125
5,974.12646484375,1368.94189453125
5,966.2627563476562,1379.1134033203125
5,1001.9314575195312,1465.3424072265625
5,1564.9912109375,1398.254150390625
5,1554.06591796875,1394.2974853515625
5,1551.9554443359375,1390.186279296875
5,1558.5225830078125,1401.7821044921875
5,1555.13720703125,1424.71142578125
5,1555.6314697265625,1425.7744140625
5,1573.617919921875,1401.2794189453125
5,1566.96875,1447.58544921875
5,1579.471435546875,1385.7352294921875
5,1577.822509765625,1437.95361328125
5,1549.4378662109375,2520.305419921875
5,1557.1412353515625,2904.43310546875
5,1543.1329345703125,2852.476806640625
5,1579.5703125,2793.02099609375
5,1566.0885009765625,2827.610107421875
5,1563.782958984375,2842.316162109375
5,1584.533935546875,2797.929443359375
5,1994.403076171875,2574.932373046875
5,2076.966796875,2692.94287109375
5,2110.401611328125,2697.834716796875
5,2116.758544921875,2667.9208984375
5,1892.998291015625,2298.48583984375
5,1351.56298828125,1123.909912109375
5,1370.6884765625,1176.5870361328125
5,1368.2764892578125,1220.4583740234375
5,1362.967041015625,1252.49951171875
5,1369.38916015625,1325.537109375
5,1361.326416015625,1266.1422119140625
5,1382.4864501953125,1261.818603515625
5,1373.673095703125,1251.6337890625
5,1416.260498046875,1304.3179931640625
5,1574.3841552734375,1377.0679931640625
5,1568.7301025390625,1400.408447265625
5,1585.9273681640625,1394.9520263671875
5,1575.7493896484375,1383.531982421875
5,1560.448974609375,1382.484375
5,1563.87939453125,1425.4215087890625
5,1575.1749267578125,1371.5103759765625
5,1234.7913818359375,1352.0146484375
5,1092.8856201171875,1381.7979736328125
5,1067.734130859375,1419.2535400390625
5,1065.880126953125,1385.4715576171875
5,1047.277099609375,1375.833984375
5,1064.81787109375,1424.4578857421875
5,1078.3851318359375,1400.0560302734375
5,1072.02685546875,1389.7589111328125
5,1020.6727905273438,1381.19482421875
5,658.0151977539062,1381.2252197265625
5,691.19140625,1381.653076171875
5,712.5135498046875,1399.7581787109375
5,696.8283081054688,1445.5850830078125
5,665.7470092773438,1373.5684814453125
5,721.9833984375,1327.2803955078125
5,1320.745361328125,1395.0521240234375
5,1434.2244873046875,1406.0089111328125
5,1435.3046875,1382.371337890625
5,1426.276611328125,1409.797607421875
5,1437.7027587890625,1404.5009765625
5,1443.16357421875,1390.9373779296875
5,1381.3553466796875,1516.379638671875
5,1418.3446044921875,1456.0733642578125
5,1471.366943359375,1481.3194580078125
5,1468.1641845703125,1484.0205078125
5,1393.545654296875,1563.2557373046875
5,1407.2037353515625,1586.070068359375
5,1395.49267578125,1571.559814453125
5,1423.6298828125,1552.272216796875
5,1423.8721923828125,1556.7730712890625
5,1397.9595947265625,1588.1112060546875
5,1421.7794189453125,1535.361572265625
5,1122.3681640625,1504.5206298828125
5,507.1084289550781,1505.8145751953125
5,532.8541259765625,1619.6552734375
5,537.9718017578125,1613.6123046875
5,545.9566040039062,1607.054931640625
5,538.6503295898438,1639.098876953125
5,548.5955200195312,1568.5098876953125
5,556.8370361328125,1566.1712646484375
5,549.7755126953125,1510.060302734375
5,575.2853393554688,1523.2628173828125
5,576.0928344726562,1465.5540771484375
5,1062.9166259765625,1533.1357421875
5,1019.3736572265625,1531.5216064453125
5,1041.6915283203125,1507.3951416015625
5,1048.9019775390625,1534.957275390625
5,1049.740234375,1496.261474609375
5,1045.27294921875,1490.821044921875
5,1075.747314453125,1457.3790283203125
5,1104.5758056640625,1450.093017578125
5,1137.3411865234375,1462.518798828125
5,1092.2843017578125,1484.1175537109375
5,1470.7115478515625,1437.160888671875
5,1456.227294921875,1492.369140625
5,1481.7156982421875,1508.702880859375
5,1444.1458740234375,1528.524169921875
5,1462.0263671875,1518.8193359375
5,1722.2816162109375,1521.301513671875
5,1919.692626953125,1539.4373779296875
5,1913.7254638671875,1522.8394775390625
5,1905.3182373046875,1526.864501953125
5,1891.4195556640625,1547.6795654296875
5,1879.7606201171875,1552.0482177734375
5,1875.011962890625,1556.0035400390625
5,1020.9021606445312,1851.2589111328125
5,751.32421875,1898.876953125
5,722.0680541992188,1876.4847412109375
5,754.6930541992188,1817.7030029296875
5,763.8910522460938,1883.5899658203125
5,735.8406372070312,1870.28662109375
5,777.6571044921875,1891.2882080078125
5,764.3355102539062,1940.6346435546875
5,805.5165405273438,1710.7459716796875
5,776.377685546875,1713.6844482421875
5,753.971435546875,1757.8050537109375
5,746.7144165039062,1794.103515625
5,830.837890625,1671.0091552734375
5,776.9893188476562,1691.59228515625
5,820.5204467773438,1562.6405029296875
5,766.7607421875,1697.962158203125
5,1135.408203125,1784.59130859375
5,1167.9449462890625,1711.167236328125
5,1197.9676513671875,1735.5916748046875
5,1177.1405029296875,1738.550048828125
5,1191.8294677734375,1753.9354248046875
5,1213.2734375,1722.41455078125
5,1203.1854248046875,1748.7633056640625
5,1219.19091796875,1711.0347900390625
5,1196.103271484375,1749.6068115234375
5,1187.8411865234375,1752.8525390625
5,1156.68017578125,1766.252197265625
5,1152.800537109375,1741.66552734375
5,1115.3951416015625,1768.102294921875
5,1118.0997314453125,1756.8446044921875
5,1378.2645263671875,1757.089599609375
5,1373.2674560546875,1725.78125
5,1381.19921875,1715.2237548828125
5,1378.353759765625,1680.064697265625
5,1371.94580078125,1692.7166748046875
5,1377.70556640625,1704.8328857421875
5,1388.8270263671875,1692.74560546875
5,1518.291015625,1770.768798828125
5,1577.4263916015625,1772.1484375
5,1604.572265625,1706.9144287109375
5,1593.3638916015625,1746.8106689453125
5,1593.396728515625,1735.3250732421875
5,1593.5609130859375,1735.1651611328125
5,1588.143310546875,1751.456298828125
5,1619.966796875,1700.7191162109375
5,1589.814208984375,1707.5308837890625
5,1605.5557861328125,1714.3551025390625
5,1659.39892578125,1718.920166015625
5,1845.69140625,1749.3670654296875
5,1869.238525390625,1754.786376953125
5,1874.1568603515625,1733.485107421875
5,1871.6717529296875,1735.783203125
5,1841.7132568359375,1726.0555419921875
5,889.2942504882812,2768.50927734375
5,730.68359375,2664.080078125
5,663.8763427734375,2775.3779296875
5,605.4376831054688,2769.825927734375
5,707.1051025390625,2675.311767578125
5,672.696044921875,2740.008544921875
5,690.0889282226562,2693.109375
5,723.27734375,2711.646484375
5,558.7920532226562,2698.814697265625
5,587.74169921875,2747.42919921875
5,597.8897705078125,2740.023193359375
5,1848.1527099609375,2795.9990234375
5,1866.0264892578125,2824.313232421875
5,1850.7320556640625,2751.2255859375
5,1879.2391357421875,2685.2177734375
5,1922.52783203125,2656.009521484375
5,1876.9407958984375,2668.164794921875
5,1894.4300537109375,2738.058837890625
5,1630.3985595703125,2824.420654296875
5,1528.5203857421875,2893.486328125
5,1518.0860595703125,2880.875732421875
5,1523.0831298828125,2896.142822265625
5,1555.069580078125,2775.121826171875
5,1570.382080078125,2743.42919921875
5,1550.00439453125,2726.006591796875
5,1582.8175048828125,2701.21630859375
5,1564.031982421875,2687.47607421875
5,1545.5511474609375,2699.594482421875
5,1581.6844482421875,2730.95751953125
5,1549.2908935546875,2736.88037109375
5,1630.35791015625,2706.316650390625
5,2108.188720703125,2685.956787109375
5,2127.87841796875,2654.80126953125
5,2088.889404296875,2698.88818359375
5,2042.6092529296875,2744.2685546875
5,2036.0777587890625,2703.119384765625
5,2013.137939453125,2722.851806640625
5,1974.7923583984375,2714.017822265625
5,1939.24755859375,2686.8681640625
5,1955.8897705078125,2667.672119140625
5,1859.388427734375,2717.274658203125
5,1898.8115234375,2647.96240234375
5,1562.7529296875,2851.9384765625
5,668.881103515625,2682.41259765625
5,671.17919921875,2629.82470703125
5,721.5390625,2711.974365234375
5,711.8866577148438,2642.546875
5,729.261474609375,2680.530517578125
5,724.590576171875,2673.025634765625
5,745.0878295898438,2664.44384765625
5,853.879150390625,2772.4970703125
5,1101.190185546875,2716.947998046875
5,1065.269287109375,2742.807373046875
5,1061.6905517578125,2730.59130859375
5,1049.909423828125,2746.17529296875
5,1071.7978515625,2725.619873046875
5,1067.3438720703125,2690.749755859375
5,1093.2032470703125,2733.261474609375
5,1228.800537109375,2786.03173828125
5,1219.761474609375,2813.027587890625
5,1201.145751953125,2793.753173828125
5,1275.8228759765625,2764.840576171875
5,1234.71923828125,2794.672119140625
5,1265.600341796875,2822.671875
5,1767.639404296875,2846.750244140625
5,1809.7103271484375,2794.595703125
5,1790.2579345703125,2810.4267578125
5,1778.6009521484375,2860.73486328125
5,1770.55615234375,2842.306396484375
5,1540.573486328125,2880.49755859375
5,1509.1142578125,2796.326904296875
5,1477.5673828125,2824.563232421875
5,1466.6363525390625,2829.688720703125
5,1427.68408203125,2843.94189453125
5,2077.289306640625,2994.498291015625
5,2199.703857421875,2963.58056640625
5,2235.0439453125,2933.845703125
5,2184.22265625,2902.894287109375
5,2186.878173828125,2932.296142578125
5,2181.894287109375,2953.192138671875
5,2187.336181640625,2965.8515625
5,1888.9327392578125,3005.22705078125
5,1930.181396484375,2965.466064453125
5,1934.763671875,2956.45849609375
5,1994.8050537109375,2896.296630859375
5,1962.91845703125,2934.389892578125
5,1996.6473388671875,2932.348388671875
5,2167.392822265625,2972.532958984375
5,2291.045166015625,2994.810791015625
5,2332.35595703125,2999.177978515625
5,2335.811279296875,2957.967041015625
5,2325.77099609375,3031.7861328125
5,2310.834228515625,2991.74658203125
5,2348.821044921875,2959.666015625
